mean_r2,std_r2,mean_pearson_r,std_pearson_r,mean_rmse
0.5139425893035947,0.021995717796660087,0.7202579086178682,0.01724081322466779,0.47879915432797415
