mean_r2,std_r2,mean_pearson_r,std_pearson_r,mean_rmse
0.5194959963415313,0.023372850389493077,0.7252452712498173,0.018830589379758456,0.47604919764521614
