mean_r2,std_r2,mean_pearson_r,std_pearson_r,mean_rmse
0.4357171487553721,0.0160569448893339,0.6777481738461968,0.01793850835345407,0.5159352349469998
